bond_distance_angstrom,vqe_energy_hartree,exact_energy_hartree,absolute_error_hartree,optimizer,optimizer_configuration,optimizer_evaluations,optimizer_max_evaluations,optimizer_success,optimizer_status,optimizer_message,maximum_evaluations_reached,run_error
0.2,0.14421039261727742,0.14421033191099075,6.070628666421385e-08,COBYLA,"maxiter=2000, tol=1e-5, rhobeg=1.0",2000,2000,False,3,Return from COBYLA because the objective function has been evaluated MAXFUN times.,True,
0.25,-0.3171378507119227,-0.32393924528491647,0.00680139457299378,COBYLA,"maxiter=2000, tol=1e-5, rhobeg=1.0",2000,2000,False,3,Return from COBYLA because the objective function has been evaluated MAXFUN times.,True,
0.3,-0.612926852969677,-0.6129745446098811,4.7691640204128305e-05,COBYLA,"maxiter=2000, tol=1e-5, rhobeg=1.0",2000,2000,False,3,Return from COBYLA because the objective function has been evaluated MAXFUN times.,True,
0.35,-0.8004420194733896,-0.800510261488951,6.824201556143716e-05,COBYLA,"maxiter=2000, tol=1e-5, rhobeg=1.0",2000,2000,False,3,Return from COBYLA because the objective function has been evaluated MAXFUN times.,True,
0.4,-0.9252596015928596,-0.9252596050468838,3.4540241777847314e-09,COBYLA,"maxiter=2000, tol=1e-5, rhobeg=1.0",1221,2000,True,0,Return from COBYLA because the trust region radius reaches its lower bound.,False,
0.45,-1.0090090153475648,-1.0090090168725938,1.525028991977706e-09,COBYLA,"maxiter=2000, tol=1e-5, rhobeg=1.0",919,2000,True,0,Return from COBYLA because the trust region radius reaches its lower bound.,False,
0.5,-1.0653917766813343,-1.0653917810254394,4.344105075659854e-09,COBYLA,"maxiter=2000, tol=1e-5, rhobeg=1.0",1356,2000,True,0,Return from COBYLA because the trust region radius reaches its lower bound.,False,
0.55,-1.1023261905128836,-1.1023261930074155,2.4945319143654388e-09,COBYLA,"maxiter=2000, tol=1e-5, rhobeg=1.0",1079,2000,True,0,Return from COBYLA because the trust region radius reaches its lower bound.,False,
0.6,-1.1255942606551546,-1.1255942623603343,1.705179775157717e-09,COBYLA,"maxiter=2000, tol=1e-5, rhobeg=1.0",684,2000,True,0,Return from COBYLA because the trust region radius reaches its lower bound.,False,
0.65,-1.1389447438343359,-1.1389447442650749,4.3073900002355003e-10,COBYLA,"maxiter=2000, tol=1e-5, rhobeg=1.0",758,2000,True,0,Return from COBYLA because the trust region radius reaches its lower bound.,False,
0.7,-1.144960273839302,-1.1449602744086183,5.693161497788424e-10,COBYLA,"maxiter=2000, tol=1e-5, rhobeg=1.0",712,2000,True,0,Return from COBYLA because the trust region radius reaches its lower bound.,False,
0.75,-1.1455991230750247,-1.1455991241236425,1.0486178592117312e-09,COBYLA,"maxiter=2000, tol=1e-5, rhobeg=1.0",597,2000,True,0,Return from COBYLA because the trust region radius reaches its lower bound.,False,
0.8,-1.1426780821023743,-1.142678082237199,1.348245959320593e-10,COBYLA,"maxiter=2000, tol=1e-5, rhobeg=1.0",692,2000,True,0,Return from COBYLA because the trust region radius reaches its lower bound.,False,
0.85,-1.1366267410099016,-1.1366267416569629,6.470612934350584e-10,COBYLA,"maxiter=2000, tol=1e-5, rhobeg=1.0",660,2000,True,0,Return from COBYLA because the trust region radius reaches its lower bound.,False,
0.9,-1.1285566250032735,-1.1285566250529908,4.9717341354948985e-11,COBYLA,"maxiter=2000, tol=1e-5, rhobeg=1.0",713,2000,True,0,Return from COBYLA because the trust region radius reaches its lower bound.,False,
0.95,-1.1192976779928347,-1.1192976811310629,3.1382281218128583e-09,COBYLA,"maxiter=2000, tol=1e-5, rhobeg=1.0",1095,2000,True,0,Return from COBYLA because the trust region radius reaches its lower bound.,False,
1.0,-1.108916728009522,-1.1089167280184553,8.93329854534386e-12,COBYLA,"maxiter=2000, tol=1e-5, rhobeg=1.0",253,2000,True,0,Return from COBYLA because the trust region radius reaches its lower bound.,False,
1.05,-1.098019995863019,-1.0980199958810744,1.8055335004873996e-11,COBYLA,"maxiter=2000, tol=1e-5, rhobeg=1.0",331,2000,True,0,Return from COBYLA because the trust region radius reaches its lower bound.,False,
1.1,-1.0868351408588026,-1.0868351408915888,3.278621818481042e-11,COBYLA,"maxiter=2000, tol=1e-5, rhobeg=1.0",440,2000,True,0,Return from COBYLA because the trust region radius reaches its lower bound.,False,
1.15,-1.0753721312984288,-1.075372131365332,6.690314968693656e-11,COBYLA,"maxiter=2000, tol=1e-5, rhobeg=1.0",457,2000,True,0,Return from COBYLA because the trust region radius reaches its lower bound.,False,
1.2,-1.06423913548293,-1.0642391354996794,1.6749490683309887e-11,COBYLA,"maxiter=2000, tol=1e-5, rhobeg=1.0",362,2000,True,0,Return from COBYLA because the trust region radius reaches its lower bound.,False,
1.25,-1.0534428198593966,-1.0534428198670471,7.650546862691954e-12,COBYLA,"maxiter=2000, tol=1e-5, rhobeg=1.0",280,2000,True,0,Return from COBYLA because the trust region radius reaches its lower bound.,False,
1.3,-1.0429960771550228,-1.0429960772068507,5.182787532476141e-11,COBYLA,"maxiter=2000, tol=1e-5, rhobeg=1.0",310,2000,True,0,Return from COBYLA because the trust region radius reaches its lower bound.,False,
1.35,-1.0329297567223672,-1.0329297567789515,5.6584292806860503e-11,COBYLA,"maxiter=2000, tol=1e-5, rhobeg=1.0",452,2000,True,0,Return from COBYLA because the trust region radius reaches its lower bound.,False,
1.4,-1.023580004816523,-1.0235800048376689,2.1145973860825507e-11,COBYLA,"maxiter=2000, tol=1e-5, rhobeg=1.0",208,2000,True,0,Return from COBYLA because the trust region radius reaches its lower bound.,False,
1.45,-1.0148230771665228,-1.0148230772538998,8.7376994528654e-11,COBYLA,"maxiter=2000, tol=1e-5, rhobeg=1.0",262,2000,True,0,Return from COBYLA because the trust region radius reaches its lower bound.,False,
1.5,-1.0066547782457596,-1.0066547782599158,1.4156231742390446e-11,COBYLA,"maxiter=2000, tol=1e-5, rhobeg=1.0",222,2000,True,0,Return from COBYLA because the trust region radius reaches its lower bound.,False,
1.55,-0.9990246022597211,-0.999024602268236,8.514855487362638e-12,COBYLA,"maxiter=2000, tol=1e-5, rhobeg=1.0",272,2000,True,0,Return from COBYLA because the trust region radius reaches its lower bound.,False,
1.6,-0.9922259540501266,-0.9922259545720711,5.219444876303214e-10,COBYLA,"maxiter=2000, tol=1e-5, rhobeg=1.0",845,2000,True,0,Return from COBYLA because the trust region radius reaches its lower bound.,False,
1.65,-0.9858045727333528,-0.9858045727517241,1.8371304477682315e-11,COBYLA,"maxiter=2000, tol=1e-5, rhobeg=1.0",174,2000,True,0,Return from COBYLA because the trust region radius reaches its lower bound.,False,
1.7,-0.980146726200501,-0.9801467267992974,5.98796345840924e-10,COBYLA,"maxiter=2000, tol=1e-5, rhobeg=1.0",735,2000,True,0,Return from COBYLA because the trust region radius reaches its lower bound.,False,
1.75,-0.9751555226859341,-0.9751555229656765,2.7974245142559084e-10,COBYLA,"maxiter=2000, tol=1e-5, rhobeg=1.0",1126,2000,True,0,Return from COBYLA because the trust region radius reaches its lower bound.,False,
1.8,-0.9708068566846256,-0.9708068577346934,1.0500678104818917e-09,COBYLA,"maxiter=2000, tol=1e-5, rhobeg=1.0",1619,2000,True,0,Return from COBYLA because the trust region radius reaches its lower bound.,False,
1.85,-0.966830656979584,-0.9668306578179775,8.383934657629766e-10,COBYLA,"maxiter=2000, tol=1e-5, rhobeg=1.0",1589,2000,True,0,Return from COBYLA because the trust region radius reaches its lower bound.,False,
1.9,-0.9632977546958359,-0.9632982817818685,5.270860325978788e-07,COBYLA,"maxiter=2000, tol=1e-5, rhobeg=1.0",2000,2000,False,3,Return from COBYLA because the objective function has been evaluated MAXFUN times.,True,
1.95,-0.9603563628437799,-0.9603564069640453,4.4120265441094375e-08,COBYLA,"maxiter=2000, tol=1e-5, rhobeg=1.0",2000,2000,False,3,Return from COBYLA because the objective function has been evaluated MAXFUN times.,True,
2.0,-0.9576144937459122,-0.9576146716412121,1.7789529982437102e-07,COBYLA,"maxiter=2000, tol=1e-5, rhobeg=1.0",2000,2000,False,3,Return from COBYLA because the objective function has been evaluated MAXFUN times.,True,
2.05,-0.9552874343163498,-0.9552900453924037,2.611076053926631e-06,COBYLA,"maxiter=2000, tol=1e-5, rhobeg=1.0",2000,2000,False,3,Return from COBYLA because the objective function has been evaluated MAXFUN times.,True,
2.1,-0.9534405946053979,-0.9534512612030394,1.0666597641484366e-05,COBYLA,"maxiter=2000, tol=1e-5, rhobeg=1.0",2000,2000,False,3,Return from COBYLA because the objective function has been evaluated MAXFUN times.,True,
2.15,-0.9515916514202155,-0.9516035927916374,1.1941371421908542e-05,COBYLA,"maxiter=2000, tol=1e-5, rhobeg=1.0",2000,2000,False,3,Return from COBYLA because the objective function has been evaluated MAXFUN times.,True,
2.2,-0.95015712677118,-0.9501833680820633,2.6241310883245994e-05,COBYLA,"maxiter=2000, tol=1e-5, rhobeg=1.0",2000,2000,False,3,Return from COBYLA because the objective function has been evaluated MAXFUN times.,True,
2.25,-0.9489830234953477,-0.9490158446284287,3.282113308100687e-05,COBYLA,"maxiter=2000, tol=1e-5, rhobeg=1.0",2000,2000,False,3,Return from COBYLA because the objective function has been evaluated MAXFUN times.,True,
2.3,-0.9478352714344165,-0.9478716054742453,3.633403982883365e-05,COBYLA,"maxiter=2000, tol=1e-5, rhobeg=1.0",2000,2000,False,3,Return from COBYLA because the objective function has been evaluated MAXFUN times.,True,
2.35,-0.9469599289795982,-0.946981543262015,2.1614282416759778e-05,COBYLA,"maxiter=2000, tol=1e-5, rhobeg=1.0",2000,2000,False,3,Return from COBYLA because the objective function has been evaluated MAXFUN times.,True,
2.4,-0.9462042878227981,-0.9462192610724475,1.4973249649385956e-05,COBYLA,"maxiter=2000, tol=1e-5, rhobeg=1.0",2000,2000,False,3,Return from COBYLA because the objective function has been evaluated MAXFUN times.,True,
2.45,-0.9454472231431691,-0.945464124019731,1.690087656192052e-05,COBYLA,"maxiter=2000, tol=1e-5, rhobeg=1.0",2000,2000,False,3,Return from COBYLA because the objective function has been evaluated MAXFUN times.,True,
2.5,-0.9448869305250502,-0.9448869305338701,8.819833752227169e-12,COBYLA,"maxiter=2000, tol=1e-5, rhobeg=1.0",190,2000,True,0,Return from COBYLA because the trust region radius reaches its lower bound.,False,
2.55,-0.9445662666149194,-0.9445662666356176,2.069822091499418e-11,COBYLA,"maxiter=2000, tol=1e-5, rhobeg=1.0",220,2000,True,0,Return from COBYLA because the trust region radius reaches its lower bound.,False,
2.6,-0.9441503230986089,-0.9441503231085565,9.947598300641403e-12,COBYLA,"maxiter=2000, tol=1e-5, rhobeg=1.0",322,2000,True,0,Return from COBYLA because the trust region radius reaches its lower bound.,False,
2.65,-0.9438607385415594,-0.9438607386042254,6.266598351345465e-11,COBYLA,"maxiter=2000, tol=1e-5, rhobeg=1.0",334,2000,True,0,Return from COBYLA because the trust region radius reaches its lower bound.,False,
2.7,-0.9436642444485862,-0.9436642444850409,3.645472812507933e-11,COBYLA,"maxiter=2000, tol=1e-5, rhobeg=1.0",314,2000,True,0,Return from COBYLA because the trust region radius reaches its lower bound.,False,
2.75,-0.943238390949471,-0.9432383909566613,7.190248396682364e-12,COBYLA,"maxiter=2000, tol=1e-5, rhobeg=1.0",207,2000,True,0,Return from COBYLA because the trust region radius reaches its lower bound.,False,
2.8,-0.9431724165722688,-0.9431724165918649,1.9596102518448788e-11,COBYLA,"maxiter=2000, tol=1e-5, rhobeg=1.0",234,2000,True,0,Return from COBYLA because the trust region radius reaches its lower bound.,False,
2.85,-0.9429725037727339,-0.9429725037828014,1.006750238730092e-11,COBYLA,"maxiter=2000, tol=1e-5, rhobeg=1.0",209,2000,True,0,Return from COBYLA because the trust region radius reaches its lower bound.,False,
